"Ahuachapan ","","","",""
"Lugar","Ubicacion","Descripcion","¿Que hacer ?","Costo Estimado "
"Parque Nacional El Imposible","Tacuba, Ahuachapán, El Salvador","Es el parque nacional más grande de El Salvador y una de las principales reservas naturales del país. Alberga una gran diversidad de flora y fauna, ríos, cascadas y senderos rodeados de bosque tropical.","• Recorrer senderos ecológicos.
• Observar aves y otros animales silvestres.
• Visitar cascadas y ríos.
• Acampar en áreas autorizadas.
• Fotografía de naturaleza.","Transporte: $8–$15.
Alimentación: $6–$15.
Entrada: $3.
Total aproximado: $17–$33."
"Concepción de Ataco","Ahuachapán, El Salvador","Pueblo ubicado en la Ruta de las Flores, reconocido por sus coloridos murales, clima fresco, artesanías y excelente café. Es uno de los destinos turísticos más visitados del país.","• Recorrer las calles con murales.
• Comprar artesanías.
• Visitar cafeterías y restaurantes.
• Disfrutar del parque central.
• Tomar fotografías.","Transporte: $5–$15.
Alimentación: $8–$20.
Compras opcionales: $5–$20.
Total aproximado: $18–$55."
"Apaneca","Ahuachapán, El Salvador","Pueblo de montaña famoso por su clima agradable, plantaciones de café y actividades de aventura. Forma parte de la Ruta de las Flores.","• Paseos en cuatrimoto.
• Recorrer fincas cafetaleras.
• Visitar la iglesia y el parque central.
• Disfrutar de la gastronomía local.
• Realizar caminatas.","Transporte: $5–$15.
Alimentación: $8–$20.
Cuatrimoto: $10–$25.
Total aproximado: $23–$60."
"Laguna Verde","Ahuachapán, El Salvador","Laguna de origen volcánico rodeada de abundante vegetación. Es un lugar tranquilo ideal para disfrutar del paisaje y el contacto con la naturaleza.","• Caminatas por los alrededores.
• Observación del paisaje.
• Fotografía de naturaleza.
• Descanso en áreas verdes.
• Observación de aves.","Transporte: $6–$15.
Alimentación: $5–$15.
Entrada: Gratis o bajo costo.
Total aproximado: $11–$30."
"","","","",""
"","","","",""
"Santa Ana","","","",""
"Lugar","Ubicacion","Descripcion","¿Que hacer ?","Costo Estimado "
"Lago de Coatepeque","El Congo, Santa Ana, El Salvador","Lago de origen volcánico considerado uno de los más bellos de Centroamérica. Es famoso por sus aguas cristalinas, que en algunas épocas adquieren un color turquesa debido a un fenómeno natural.","• Paseos en lancha.
• Practicar kayak o jet ski.
• Nadar en zonas autorizadas.
• Disfrutar de restaurantes con vista al lago.
• Tomar fotografías del paisaje.","Transporte: $10–$20.
Alimentación: $10–$30.
Lancha o actividad: $5–$20.
Total aproximado: $25–$70."
"Volcán de Santa Ana (Ilamatepec)","Parque Nacional Los Volcanes, Santa Ana, El Salvador","Es el volcán más alto de El Salvador, con una altura de 2,381 metros sobre el nivel del mar. Desde su cima se aprecia un impresionante cráter con una laguna de color verde turquesa y vistas al lago de Coatepeque","• Senderismo guiado.
• Observar el cráter.
• Fotografía panorámica.
• Disfrutar de la flora y fauna del parque.","Transporte: $10–$20.
Entrada: $1.50 (salvadoreños).
Guía: $3–$5.
Alimentación: $8–$15.
Total aproximado: $23–$42."
"Parque Natural Cerro Verde","Santa Ana, El Salvador","Parque natural que forma parte del Complejo Los Volcanes. Cuenta con senderos, miradores, jardines y vistas privilegiadas hacia los volcanes de Santa Ana, Izalco y el lago de Coatepeque.","• Recorrer senderos.
• Disfrutar de los miradores.
• Observar aves.
• Realizar caminatas.
• Descansar en áreas verdes.","Transporte: $10–$20.
Entrada: $1.50.
Alimentación: $8–$15.
Total aproximado: $20–$37."
"","","","",""
"","","","",""
"Sonsonate","","","",""
"Lugar","Ubicacion","Descripcion","¿Que hacer ?","Costo Estimado "
"Juayúa","Sonsonate, El Salvador","Pintoresco pueblo de la Ruta de las Flores, famoso por su clima fresco, su arquitectura colonial y el reconocido Festival Gastronómico que se realiza los fines de semana. Es uno de los destinos turísticos más visitados del occidente del país.","• Paseos en lancha.
• Practicar kayak o jet ski.
• Nadar en zonas autorizadas.
• Disfrutar de restaurantes con vista al lago.
• Tomar fotografías del paisaje.","Transporte: $5–$15.
Alimentación: $10–$25.
Compras opcionales: $5–$20.
Total aproximado: $20–$60."
"Nahuizalco","Sonsonate, El Salvador","Pueblo con una fuerte herencia indígena, reconocido por su mercado nocturno, sus artesanías elaboradas con mimbre y madera, y su riqueza cultural. Forma parte de la Ruta de las Flores.","• Visitar el mercado nocturno.
• Comprar artesanías.
• Conocer el Museo Conmemorativo Náhuatl Pipil.
• Probar la gastronomía local.
• Recorrer la iglesia San Juan Bautista.","Transporte: $5–$15.
Alimentación: $8–$20.
Compras opcionales: $5–$20.
Total aproximado: $18–$55."
"Playa Los Cóbanos","Acajutla, Sonsonate, El Salvador","Playa reconocida por poseer el arrecife de coral más importante de El Salvador. Sus aguas tranquilas permiten realizar actividades acuáticas como snorkel, buceo y paseos en lancha.","• Practicar snorkel.
• Bucear en el arrecife.
• Paseos en lancha.
• Observación de fauna marina.
• Disfrutar de la playa y los restaurantes.","Transporte: $10–$20.
Alimentación: $10–$25.
Snorkel o lancha: $10–$30.
Total aproximado: $30–$75."
"Izalco","Sonsonate, El Salvador","Ciudad con una importante historia indígena y colonial. Destaca por su iglesia de Nuestra Señora de la Asunción, su parque central y sus tradiciones culturales y religiosas","• Recorrer el centro histórico.
• Visitar la iglesia.
• Conocer la cultura local.
• Disfrutar de la gastronomía típica.
• Tomar fotografías.","Transporte: $5–$15.
Alimentación: $8–$20.
Entrada: Gratis.
Total aproximado: $13–$35."
"","","","",""
"","","","",""
"","","","",""
"","","","",""
"","","","",""
"","","","",""
"","","","",""
"La libertad ","","","",""
"Lugar","Ubicacion","Descripcion","¿Que hacer?","Costo Estimado"
"Playa El Tunco","Tamanique, La Libertad, El Salvador","Famosa playa de arena volcánica, reconocida internacionalmente por el surf, su ambiente relajado y su vida nocturna.","• Practicar surf.
• Disfrutar del atardecer.
• Visitar restaurantes y cafés frente al mar.
• Caminar por la playa.","Transporte: $5–$15.
Alimentación: $10–$25.
Actividades opcionales (surf): $15–$30.
Total aproximado: $30–$70."
"Puerto de La Libertad","La Libertad Costa, La Libertad, El Salvador","Destino turístico con malecón, muelle histórico y Mercado del Mar, famoso por su gastronomía de mariscos frescos.","• Recorrer el malecón.
• Visitar el Mercado del Mar.
• Degustar mariscos frescos.
• Tomar fotografías del muelle y el océano.","Transporte: $5–$15.
Alimentación: $10–$25.
Compras opcionales: $5–$20.
Total aproximado: $20–$60."
"Parque Nacional Walter Thilo Deininger","San Diego, La Libertad, El Salvador","Área natural protegida con senderos, miradores y abundante flora y fauna, ideal para el ecoturismo.","• Realizar caminatas por senderos.
• Observar aves y fauna silvestre.
• Disfrutar de miradores.
• Tomar fotografías de la naturaleza.","Transporte: $5–$15.
Alimentación: $10–$20.
Entrada: $2–$5.
Total aproximado: $17–$40."
"","","","",""
"","","","",""
"El Salvador ","","","",""
"Lugar","Ubicacion","Descripcion","¿Que hacer?","Costo Estimado"
"Parque Nacional El Boquerón","Santa Tecla, La Libertad, El Salvador","Parque nacional ubicado en el volcán de San Salvador, famoso por su impresionante cráter y clima fresco.","• Recorrer los senderos.
• Observar el cráter.
• Tomar fotografías.
• Disfrutar de la naturaleza.","Transporte: $5–$15.
Entrada: $2–$5.
Alimentación: $10–$20.
Total aproximado: $17–$40."
"Ruta de las Flores","Ahuachapán y Sonsonate, El Salvador","Recorrido turístico que conecta pintorescos pueblos, mercados, cafetales y paisajes naturales.","• Visitar los pueblos.
• Degustar gastronomía típica.
• Comprar artesanías.
• Tomar fotografías del paisaje.","Transporte: $10–$20.
Alimentación: $10–$25.
Compras opcionales: $5–$20.
Total aproximado: $25–$65"
"Bahía de Jiquilisco","Usulután, El Salvador","La mayor bahía del país, reconocida por sus manglares, biodiversidad y recorridos en lancha.","• Paseos en lancha.
• Observación de aves.
• Visitar los manglares.
• Disfrutar de la gastronomía local.","Transporte: $10–$20.
Alimentación: $10–$25.
Paseo en lancha: $10–$20.
Total aproximado: $30–$65."
"","","","",""
"","","","",""
"Chalatenango","","","",""
"Lugar","Ubicacion","Descripcion","¿Que hacer?","Costo Estimado"
"Cerro El Pital","San Ignacio, Chalatenango, El Salvador","El punto más alto de El Salvador, famoso por su clima frío, bosques y vistas panorámicas.","• Realizar caminatas.
• Acampar.
• Disfrutar del paisaje.
• Tomar fotografías.","Transporte: $10–$20.
Alimentación: $10–$25.
Entrada o camping (opcional): $5–$15.
Total aproximado: $25–$60."
"La Palma","La Palma, Chalatenango, El Salvador","Pueblo turístico reconocido por sus artesanías, murales y ambiente cultural.","• Comprar artesanías.
• Recorrer el centro del pueblo.
• Visitar talleres artesanales.
• Degustar comida típica.","Transporte: $10–$20.
Alimentación: $10–$25.
Compras opcionales: $5–$20.
Total aproximado: $25–$65."
"Mirador de La Montañona","La Palma, Chalatenango, El Salvador","Área natural con bosque de pino y excelentes vistas panorámicas de la zona norte del país.","• Senderismo.
• Observar la naturaleza.
• Tomar fotografías.
• Disfrutar del clima fresco.","Transporte: $10–$20.
Alimentación: $10–$20.
Entrada (si aplica): $2–$5.
Total aproximado: $22–$45."
"","","","",""
"","","","",""
"Usulutan","","","",""
"Lugar","Ubicacion","Descripcion","¿Que hacer?","Costo Estimado"
"Bahía de Jiquilisco","Usulután, El Salvador","La mayor bahía de El Salvador, formada por manglares, islas y canales con gran biodiversidad.","• Recorridos en lancha.
• Observar aves.
• Visitar islas y playas.
• Fotografiar la naturaleza.","Transporte: $8–$20.
Alimentación: $8–$20.
Lancha: $10–$20.
Total: $26–$60."
"Playa El Espino","Jucuarán, Usulután","Amplia playa de arena oscura y aguas cálidas, ideal para descansar y disfrutar del paisaje.","• Nadar en zonas seguras.
• Disfrutar del atardecer.
• Degustar mariscos.
• Caminar por la playa.","Transporte: $8–$20.
Alimentación: $8–$20.
Actividades: $5–$15.
Total: $21–$55."
"Laguna de Olomega","El Carmen, Usulután","Importante humedal rodeado de vegetación y reconocido por su biodiversidad y variedad de aves.","• Paseos en lancha.
• Observar aves.
• Conocer la naturaleza.
• Tomar fotografías.","Transporte: $8–$20.
Alimentación: $8–$18.
Lancha: $5–$15.
Total: $21–$53."
"","","","",""
"San Vicente","","","",""
"Lugar","Ubicacion","Descripcion","¿Que hacer?","Costo Estimado"
"Volcán de San Vicente (Chinchontepec)","San Vicente, El Salvado","Volcán de dos cumbres que destaca por sus paisajes naturales y vistas panorámicas.","• Senderismo con guía.
• Observar paisajes.
• Tomar fotografías.
• Disfrutar de la naturaleza.","Transporte: $5–$15.
Alimentación: $8–$18.
Guía: $5–$10.
Total: $18–$43."
"Turicentro Amapulapa","San Vicente, El Salvador","Centro recreativo rodeado de naturaleza, conocido por sus piscinas y áreas verdes.","• Nadar.
• Disfrutar de áreas verdes.
• Compartir en familia.
• Tomar fotografías.","Transporte: $5–$12.
Alimentación: $8–$18.
Entrada: $1–$3.
Total: $14–$33."
"Iglesia del Pilar","San Vicente, El Salvador","Templo histórico de importancia cultural y religiosa, ubicado en la ciudad de San Vicente.","• Conocer su arquitectura.
• Recorrer el centro histórico.
• Tomar fotografías.
• Visitar lugares cercanos.","Transporte: $5–$12.
Alimentación: $5–$15.
Entrada: Gratis.
Total: $10–$27."
"","","","",""
"","","","",""
"Cuscatlán","","","",""
"Lugar","Ubicacion","Descripcion","¿Que hacer?","Costo Estimado"
"Suchitoto","Suchitoto, Cuscatlán, El Salvador","Ciudad colonial reconocida por sus calles empedradas, arquitectura histórica, galerías de arte y ambiente cultural.","• Recorrer el centro histórico y la iglesia.
• Comprar artesanías.
• Visitar galerías de arte y talleres.
• Degustar comida típica y café.","Transporte: $5–$15.
Alimentación: $8–$20.
Compras/Tours: $5–$15.
Total aproximado: $18–$50."
"Lago de Suchitlán","Suchitoto, Cuscatlán, El Salvador","Un extenso lago artificial ideal para el ecoturismo, la observación de aves y recorridos en lancha.","• Dar paseos en lancha hacia las islas.
• Observar aves y paisajes.
• Disfrutar de la gastronomía en el puerto.
• Tomar fotografías.","Transporte: $5–$15.
Alimentación: $8–$18.
Paseo en lancha: $5–$10.
Total aproximado: $18–$43."
"Cascada Los Tercios","Suchitoto, Cuscatlán, El Salvador","Atractivo natural famoso por su pared de rocas hexagonales de origen volcánico y senderos rodeados de vegetación.","• Caminata y senderismo.
• Observar la formación rocosa única.
• Tomar fotografías.
• Disfrutar de la naturaleza.","Transporte: $5–$12.
Alimentación: $5–$12.
Entrada/Guía: $2–$5.
Total aproximado: $12–$29."
"","","","",""
"La Paz","","","",""
"Lugar","Ubicacion","Descripcion","¿Que hacer?","Costo Estimado"
"Playa Costa del Sol","San Luis La Herradura, La Paz, El Salvador","Una de las playas más extensas y famosas del país, destacada por sus arenas oscuras, cálidas aguas y amplia oferta gastronómica y turística.","• Nadar en el océano o disfrutar de las piscinas.
• Practicar deportes de playa (voleibol, fútbol).
• Degustar mariscos frescos.
• Ver atardeceres y descansar.","Transporte: $5–$15.
Alimentación: $8–$20.
Compras/Tours: $5–$15.
Total aproximado: $18–$50."
"Estero de Jaltepeque","San Luis La Herradura, La Paz, El Salvador","Impresionante reserva natural y ecosistema de manglares donde habitan diversas especies de aves marinas y fauna local.","• Recorridos en lancha por los canales.
• Avistamiento de aves y naturaleza.
• Visitar la desemboque a la playa La Puntilla.
• Tomar fotografías del paisaje.","Transporte: $5–$15.
Alimentación: $8–$18.
Paseo en lancha: $5–$10.
Total aproximado: $18–$43."
"Miradores de San Juan Tepezontes","San Juan Tepezontes, La Paz, El Salvador","Pintoresco municipio montañoso que ofrece vistas panorámicas espectaculares hacia el Lago de Ilopango y el valle central.","• Disfrutar de las vistas al Lago de Ilopango.
• Visitar cafés y restaurantes de montaña.
• Recorrer el pueblo y sus iglesias históricas.
• Tomar fotografías del paisaje.","Transporte: $5–$12.
Alimentación: $5–$12.
Entrada/Guía: $2–$5.
Total aproximado: $12–$29."
"","","","",""
"","","","",""
"Cabañas","","","",""
"Lugar","Ubicacion","Descripcion","¿Que hacer?","Costo Estimado"
"Ilobasco","Ilobasco, Cabañas, El Salvador","Municipio famoso a nivel nacional e internacional por sus artesanías en barro y terracota, especialmente las tradicionales ""miniaturas"".","• Visitar los talleres y tiendas artesanales.
• Modelar piezas de barro en talleres locales.
• Recorrer el centro histórico.
• Degustar gastronomía típica","Transporte: $5–$15.
Alimentación: $8–$20.
Compras/Tours: $5–$15.
Total aproximado: $18–$50."
"Sensuntepeque","Sensuntepeque, Cabañas, El Salvador","Cabecera departamental rodeada de colinas y bosques, conocida por sus paisajes, historia y la elaboración de dulces típicos.","• Conocer la Iglesia Parroquial y el parque central.
• Probar los famosos dulces de Sensuntepeque.
• Disfrutar del ambiente tranquilo.
• Tomar fotografías del pueblo","Transporte: $5–$15.
Alimentación: $8–$18.
Paseo en lancha: $5–$10.
Total aproximado: $18–$43."
"Eco-Parque Heliconia","Ilobasco, Cabañas, El Salvador","Un espacio natural con abundante vegetación, cultivo de flores heliconias y senderos ideales para el contacto con la naturaleza.","• Caminatas y senderismo guiado.
• Disfrutar del clima fresco y la vegetación.
• Avistamiento de flora y fauna.
• Tomar fotografías.","Transporte: $5–$12.
Alimentación: $5–$12.
Entrada/Guía: $2–$5.
Total aproximado: $12–$29."
"","","","",""
"","","","",""
"San miguel","","","",""
"Lugar","Ubicacion","Descripcion","¿Que hacer?","Costo Estimado"
"Volcán de San Miguel (Chaparrastique","San Miguel, El Salvador","Uno de los volcanes más representativos del país, famoso por su paisaje y su forma característica.","• Senderismo con guía.
• Observar el paisaje.
• Tomar fotografías.
• Conocer sus alrededores.","Transporte: $8–$20.
Alimentación: $8–$18.
Guía: $5–$10.
Total: $21–$48."
"Parque Recreativo Montegrande","San Miguel, El Salvador","Espacio recreativo con áreas naturales y un ambiente tranquilo para descansar y compartir.","• Caminar.
• Compartir en familia.
• Disfrutar de la naturaleza.
• Tomar fotografías.","Transporte: $3–$10.
Alimentación: $8–$18.
Entrada: $2–$5.
Total: $13–$33."
"Catedral Basílica Nuestra Señora de la Paz","San Miguel, El Salvador","Importante edificio religioso y uno de los principales símbolos arquitectónicos de la ciudad.","• Conocer su arquitectura.
• Recorrer el centro histórico.
• Visitar el parque central.
• Tomar fotografías.","Transporte: $3–$10.
Alimentación: $5–$15.
Entrada: Gratis.
Total: $8–$25."
"","","","",""
"","","","",""
"","","","",""
"Morazan","","","",""
"Lugar","Ubicacion","Descripcion","¿Que hacer?","Costo Estimado"
"Museo de la Revolución","Perquín, Morazán","Museo que conserva fotografías, objetos y testimonios relacionados con la historia reciente de El Salvador.","• Conocer la historia local.
• Observar fotografías y objetos.
• Recorrer el museo.
• Aprender sobre Morazán.","Transporte: $10–$25.
Alimentación: $8–$20.
Entrada: $2–$5.
Total: $20–$50."
"El Llano del Muerto","Perquín, Morazán","Zona montañosa con bosques, paisajes rurales y clima fresco, ideal para disfrutar de la naturaleza.","• Realizar caminatas.
• Observar paisajes.
• Observar aves.
• Tomar fotografías.","Transporte: $10–$25.
Alimentación: $8–$18.
Guía/entrada: $3–$8.
Total: $21–$51."
"Cascada El Salto","Arambala, Morazán","Atractivo natural rodeado de vegetación y paisajes montañosos.","• Caminar por senderos.
• Observar la cascada.
• Fotografiar el paisaje.
• Disfrutar de la naturaleza.","Transporte: $10–$25.
Alimentación: $8–$18.
Entrada/guía: $2–$5.
Total: $20–$48."
"","","","",""
"","","","",""
"","","","",""
"La Union ","","","",""
"Lugar","Ubicacion","Descripcion","¿Que hacer?","Costo Estimado"
"Golfo de Fonseca","La Unión, El Salvador","Bahía compartida por El Salvador, Honduras y Nicaragua, reconocida por sus islas y paisajes costeros.","• Paseos en lancha.
• Observar aves y fauna marina.
• Conocer las islas.
• Tomar fotografías.","Transporte: $10–$25.
Alimentación: $8–$20.
Lancha: $10–$25.
Total: $28–$70."
"Isla Conchagüita","Golfo de Fonseca, La Unión","Isla con paisajes naturales y comunidades costeras que permiten conocer la riqueza del litoral oriental","• Recorrer la isla con guía.
• Observar paisajes.
• Disfrutar de la naturaleza.
• Tomar fotografías.","Transporte: $10–$25.
Alimentación: $8–$20.
Lancha/guía: $10–$25.
Total: $28–$70."
"Conchagua","Conchagua, La Unión","Municipio conocido por sus paisajes del Golfo de Fonseca, su iglesia histórica y sus zonas altas.","• Visitar la iglesia.
• Disfrutar de miradores.
• Recorrer el municipio.
• Fotografiar el Golfo de Fonseca.","Transporte: $10–$25.
Alimentación: $8–$18.
Entrada/guía: $2–$5.
Total: $20–$48."
